,Nation,Population
0,UK_Total,66796750.85746836
1,England,56287088.32742219
2,Wales,3152765.9473783835
3,Scotland,5463342.424897581
4,Northern Ireland,1893554.1577702118
